{"stats":{"minecraft:killed":{"minecraft:pig":2,"alexsmobs:emu":1,"minecraft:sheep":6,"minecraft:chicken":3,"alexsmobs:fly":1,"mowziesmobs:umvuthana":2,"minecraft:cow":2},"minecraft:picked_up":{"minecraft:crafting_table":2,"minecraft:wheat":8,"minecraft:feather":12,"minecraft:chicken":3,"minecraft:leather":1,"minecraft:brown_mushroom":2,"dynamictrees:spruce_seed":2,"minecraft:golden_shovel":1,"minecraft:shield":1,"minecraft:stripped_mangrove_log":4,"minecraft:blue_bed":4,"minecraft:cornflower":1,"minecraft:dirt":96,"minecraft:item_frame":1,"minecraft:mangrove_fence":1,"minecraft:bone":2,"mowziesmobs:umvuthana_mask_rage":1,"minecraft:wheat_seeds":32,"minecraft:beef":2,"minecraft:tall_grass":1,"minecraft:poppy":1,"minecraft:iron_pickaxe":1,"minecraft:chest":2,"minecraft:acacia_sapling":1,"minecraft:egg":3,"minecraft:stick":19,"minecraft:raw_iron":26,"mowziesmobs:clawed_log":1,"minecraft:sweet_berries":89,"minecraft:torch":5,"minecraft:acacia_log":6,"minecraft:dandelion":3,"minecraft:spruce_stairs":1,"minecraft:porkchop":4,"dynamictrees:acacia_seed":5,"minecraft:spruce_sapling":2,"minecraft:spruce_log":7,"minecraft:arrow":2,"minecraft:purple_bed":2,"minecraft:rotten_flesh":4,"minecraft:stripped_jungle_wood":2,"minecraft:grass":3,"alexsmobs:emu_egg":1,"mowziesmobs:umvuthana_mask_bliss":1,"minecraft:gray_wool":1,"minecraft:spruce_sign":1,"alexsmobs:maggot":2,"minecraft:black_wool":1,"minecraft:skeleton_skull":1,"minecraft:mutton":10,"minecraft:coal":2,"minecraft:white_wool":4,"minecraft:cobblestone":12},"minecraft:crafted":{"minecraft:crafting_table":3,"minecraft:spruce_planks":28,"minecraft:bread":2,"minecraft:spruce_boat":2,"minecraft:acacia_planks":4},"minecraft:used":{"mowziesmobs:umvuthana_mask_fear":2,"minecraft:blue_bed":3,"minecraft:grass":3,"minecraft:rotten_flesh":4,"mowziesmobs:umvuthana_mask_bliss":1,"minecraft:dirt":76,"minecraft:mutton":10,"minecraft:crafting_table":3,"minecraft:acacia_sapling":1,"minecraft:spruce_boat":2,"alexsmobs:maggot":2,"minecraft:chicken":3,"minecraft:iron_pickaxe":32,"minecraft:spruce_sapling":1,"mowziesmobs:umvuthana_mask_rage":3,"minecraft:beef":2,"minecraft:tall_grass":1,"minecraft:sweet_berries":27,"minecraft:porkchop":4,"alexsmobs:animal_dictionary":1,"minecraft:pumpkin_pie":1,"minecraft:egg":2},"minecraft:custom":{"minecraft:interact_with_furnace":2,"minecraft:mob_kills":17,"minecraft:interact_with_crafting_table":3,"minecraft:damage_dealt_resisted":3,"minecraft:leave_game":4,"minecraft:time_since_death":6323,"minecraft:sleep_in_bed":3,"minecraft:climb_one_cm":1181,"minecraft:time_since_rest":6418,"minecraft:sprint_one_cm":321946,"minecraft:damage_taken":2702,"minecraft:walk_one_cm":170589,"minecraft:drop":5,"minecraft:damage_dealt":1316,"minecraft:swim_one_cm":29227,"minecraft:fly_one_cm":108574,"minecraft:open_chest":6,"minecraft:crouch_one_cm":659,"minecraft:play_time":87290,"minecraft:sneak_time":154,"minecraft:deaths":8,"minecraft:walk_under_water_one_cm":24084,"minecraft:boat_one_cm":308685,"minecraft:jump":1238,"minecraft:walk_on_water_one_cm":29412,"minecraft:total_world_time":87290,"minecraft:fall_one_cm":26504},"minecraft:dropped":{"minecraft:leather":1,"minecraft:poppy":1,"minecraft:cornflower":1,"minecraft:iron_pickaxe":1,"minecraft:dandelion":3},"minecraft:mined":{"minecraft:podzol":1,"minecraft:acacia_leaves":1,"minecraft:brown_mushroom":2,"minecraft:stripped_mangrove_log":4,"minecraft:dandelion":4,"mowziesmobs:clawed_log":1,"minecraft:torch":7,"minecraft:crafting_table":2,"minecraft:cornflower":1,"minecraft:glow_lichen":1,"minecraft:grass_block":58,"minecraft:poppy":1,"minecraft:mangrove_fence":1,"minecraft:stripped_jungle_wood":2,"minecraft:chest":2,"minecraft:tall_grass":9,"minecraft:spruce_leaves":37,"minecraft:blue_bed":4,"minecraft:skeleton_skull":1,"minecraft:large_fern":18,"minecraft:spruce_stairs":1,"minecraft:tall_seagrass":2,"minecraft:purple_bed":2,"minecraft:iron_ore":26,"minecraft:wheat":13,"minecraft:sweet_berry_bush":41,"dynamictrees:spruce_leaves":1,"minecraft:grass":61,"minecraft:coal_ore":2,"minecraft:dirt":35,"minecraft:stone":3,"minecraft:fern":3}},"DataVersion":3465}