{"stats":{"minecraft:killed":{"minecraft:chicken":1,"alexsmobs:fly":1},"minecraft:picked_up":{"minecraft:wheat":8,"minecraft:feather":2,"minecraft:chicken":1,"minecraft:sweet_berries":21,"minecraft:torch":5,"minecraft:spruce_stairs":1,"minecraft:spruce_sapling":1,"minecraft:blue_bed":1,"minecraft:dirt":25,"minecraft:purple_bed":2,"minecraft:wheat_seeds":27,"minecraft:spruce_sign":1,"alexsmobs:maggot":2,"minecraft:egg":2},"minecraft:used":{"alexsmobs:maggot":2,"minecraft:chicken":1,"minecraft:spruce_sapling":1,"minecraft:dirt":17,"minecraft:sweet_berries":20,"minecraft:egg":2},"minecraft:custom":{"minecraft:time_since_rest":4360,"minecraft:sprint_one_cm":69040,"minecraft:damage_taken":220,"minecraft:walk_one_cm":42581,"minecraft:mob_kills":2,"minecraft:damage_dealt":114,"minecraft:swim_one_cm":9593,"minecraft:fly_one_cm":22283,"minecraft:open_chest":2,"minecraft:crouch_one_cm":27,"minecraft:play_time":17561,"minecraft:sneak_time":25,"minecraft:walk_under_water_one_cm":10635,"minecraft:jump":299,"minecraft:walk_on_water_one_cm":8915,"minecraft:time_since_death":17561,"minecraft:sleep_in_bed":1,"minecraft:total_world_time":17561,"minecraft:fall_one_cm":6986},"minecraft:mined":{"minecraft:podzol":1,"minecraft:large_fern":2,"minecraft:spruce_stairs":1,"minecraft:purple_bed":2,"minecraft:wheat":13,"minecraft:sweet_berry_bush":8,"dynamictrees:spruce_leaves":1,"minecraft:torch":7,"minecraft:grass_block":14,"minecraft:dirt":11,"minecraft:spruce_leaves":7,"minecraft:blue_bed":1}},"DataVersion":3465}