{"stats":{"minecraft:custom":{"minecraft:time_since_rest":9004,"minecraft:crouch_one_cm":27,"minecraft:play_time":9004,"minecraft:sprint_one_cm":55431,"minecraft:damage_taken":150,"minecraft:walk_one_cm":23700,"minecraft:sneak_time":25,"minecraft:walk_under_water_one_cm":4321,"minecraft:mob_kills":2,"minecraft:jump":166,"minecraft:damage_dealt":70,"minecraft:walk_on_water_one_cm":3807,"minecraft:time_since_death":9004,"minecraft:total_world_time":9004,"minecraft:swim_one_cm":9593,"minecraft:fall_one_cm":2851,"minecraft:fly_one_cm":16274},"minecraft:picked_up":{"minecraft:feather":2,"minecraft:chicken":1,"minecraft:sweet_berries":21,"minecraft:spruce_sapling":1,"alexsmobs:maggot":2,"minecraft:dirt":4,"minecraft:egg":2},"minecraft:mined":{"minecraft:podzol":1,"minecraft:grass_block":3,"minecraft:sweet_berry_bush":8,"minecraft:spruce_leaves":7,"dynamictrees:spruce_leaves":1},"minecraft:used":{"alexsmobs:maggot":2,"minecraft:dirt":1,"minecraft:sweet_berries":8,"minecraft:chicken":1,"minecraft:egg":2,"minecraft:spruce_sapling":1},"minecraft:killed":{"alexsmobs:fly":1,"minecraft:chicken":1}},"DataVersion":3465}