{"stats":{"minecraft:custom":{"minecraft:time_since_rest":37166,"minecraft:sprint_one_cm":95756,"minecraft:damage_taken":10632,"minecraft:damage_absorbed":1209,"minecraft:walk_one_cm":296021,"minecraft:mob_kills":31,"minecraft:drop":8,"minecraft:fly_one_cm":48107,"minecraft:open_chest":1,"minecraft:crouch_one_cm":906,"minecraft:play_time":74194,"minecraft:deaths":1,"minecraft:sneak_time":289,"minecraft:jump":670,"minecraft:leave_game":2,"minecraft:time_since_death":37128,"minecraft:walk_on_water_one_cm":712,"minecraft:climb_one_cm":464,"minecraft:total_world_time":74194,"minecraft:damage_resisted":1602,"minecraft:fall_one_cm":14647},"minecraft:killed":{"spore:inf_pillager":16,"spore:inf_villager":2,"minecraft:pillager":1,"minecraft:zombie":1,"spore:inf_human":8,"spore:inf_wanderer":1,"minecraft:stray":1,"minecraft:rabbit":1},"minecraft:picked_up":{"spore:mutated_heart":4,"spore:cerebrum":4,"minecraft:gravel":2,"spore:inf_boots":2,"tacz:attachment":2,"minecraft:tuff":176,"spore:inf_pants":2,"spore:inf_chest":2,"spore:inf_helmet":4,"minecraft:dirt":1,"minecraft:string":2,"tacz:ammo":1305,"minecraft:bone":1,"minecraft:rotten_flesh":4,"tacz:modern_kinetic_gun":9,"minecraft:rabbit_hide":1,"minecraft:crossbow":4,"spore:spine_fragment":1,"minecraft:golden_apple":19,"spore:mutated_fiber":50,"minecraft:enchanted_golden_apple":113,"minecraft:rabbit":1},"minecraft:mined":{"minecraft:grass_block":1,"minecraft:packed_ice":1,"minecraft:spruce_leaves":11},"minecraft:broken":{"spore:inf_boots":1},"minecraft:used":{"minecraft:golden_apple":19,"minecraft:tuff":8,"minecraft:enchanted_golden_apple":39},"minecraft:dropped":{"minecraft:rabbit_hide":1,"minecraft:dirt":1,"minecraft:tuff":56,"minecraft:rabbit":1,"spore:cerebrum":1,"spore:mutated_fiber":7,"spore:mutated_heart":1,"minecraft:bone":1}},"DataVersion":3465}