{"stats":{"minecraft:killed":{"minecraft:pig":15,"minecraft:spider":3,"alexsmobs:seagull":1,"minecraft:skeleton":1,"minecraft:sheep":17,"minecraft:zombie":11,"minecraft:tropical_fish":6},"minecraft:picked_up":{"minecraft:crafting_table":8,"minecraft:clay_ball":100,"minecraft:andesite":2,"dynamictrees:spruce_seed":3,"minecraft:wooden_pickaxe":1,"minecraft:tuff":20,"minecraft:lapis_lazuli":14,"minecraft:dirt":8,"minecraft:moss_carpet":48,"minecraft:raw_copper":24,"minecraft:wheat_seeds":3,"minecraft:cobbled_deepslate":530,"minecraft:iron_ingot":1,"minecraft:azalea":4,"minecraft:melon_slice":59,"minecraft:moss_block":10,"minecraft:sugar_cane":34,"minecraft:spruce_trapdoor":2,"minecraft:dark_oak_stairs":1,"minecraft:furnace":2,"minecraft:stick":10,"minecraft:raw_iron":110,"minecraft:sweet_berries":122,"minecraft:gravel":8,"justhammers:iron_hammer":1,"minecraft:porkchop":28,"justhammers:stone_hammer":1,"minecraft:spruce_sapling":1,"minecraft:diorite":22,"minecraft:spruce_log":37,"minecraft:mossy_cobblestone":3,"minecraft:dark_oak_planks":2,"minecraft:orange_bed":3,"minecraft:rotten_flesh":1,"minecraft:diamond":4,"minecraft:tropical_fish":10,"minecraft:spruce_boat":9,"minecraft:granite":28,"minecraft:glow_berries":1,"minecraft:mutton":24,"minecraft:coal":55,"minecraft:white_wool":18,"minecraft:cobblestone":64},"minecraft:broken":{"minecraft:stone_pickaxe":1,"minecraft:stone_axe":1,"minecraft:iron_pickaxe":1},"minecraft:crafted":{"minecraft:crafting_table":1,"minecraft:spruce_planks":88,"minecraft:wooden_pickaxe":1,"minecraft:iron_helmet":1,"minecraft:furnace":1,"minecraft:stone_axe":1,"minecraft:air":0,"minecraft:spruce_trapdoor":2,"minecraft:iron_boots":1,"minecraft:iron_chestplate":1,"minecraft:shield":1,"minecraft:iron_axe":1,"minecraft:stick":12,"minecraft:iron_ingot":35,"minecraft:stone_pickaxe":1,"minecraft:iron_pickaxe":2,"minecraft:iron_leggings":1,"minecraft:spruce_boat":1},"minecraft:used":{"minecraft:water_bucket":8,"minecraft:diorite":17,"minecraft:tropical_fish":4,"minecraft:stone_pickaxe":131,"minecraft:wooden_pickaxe":35,"minecraft:shield":23,"minecraft:orange_bed":2,"minecraft:glow_berries":1,"minecraft:dirt":6,"minecraft:crafting_table":9,"minecraft:granite":13,"minecraft:spruce_boat":9,"minecraft:iron_pickaxe":265,"minecraft:iron_axe":62,"minecraft:melon_slice":14,"minecraft:spruce_trapdoor":2,"minecraft:gravel":8,"justhammers:stone_hammer":70,"minecraft:stone_axe":111,"minecraft:fishing_rod":3,"minecraft:cobblestone":47,"minecraft:sweet_berries":140,"minecraft:furnace":3,"minecraft:andesite":2,"minecraft:bucket":10,"minecraft:cobbled_deepslate":4},"minecraft:custom":{"minecraft:interact_with_furnace":18,"minecraft:mob_kills":54,"minecraft:interact_with_crafting_table":21,"minecraft:time_since_death":83761,"minecraft:sleep_in_bed":2,"minecraft:time_since_rest":29801,"minecraft:sprint_one_cm":385905,"minecraft:damage_taken":1715,"minecraft:walk_one_cm":186005,"minecraft:damage_blocked_by_shield":900,"minecraft:drop":59,"minecraft:damage_dealt":5968,"minecraft:swim_one_cm":110223,"minecraft:fly_one_cm":423262,"minecraft:open_chest":16,"minecraft:crouch_one_cm":1564,"minecraft:play_time":178139,"minecraft:deaths":3,"minecraft:sneak_time":909,"minecraft:walk_under_water_one_cm":21580,"minecraft:boat_one_cm":913905,"minecraft:jump":1966,"minecraft:walk_on_water_one_cm":38806,"minecraft:total_world_time":178139,"minecraft:fall_one_cm":29566},"minecraft:dropped":{"minecraft:iron_ingot":2,"minecraft:moss_carpet":48,"minecraft:moss_block":10,"minecraft:sweet_berries":12,"minecraft:lapis_lazuli":14,"minecraft:cobbled_deepslate":128,"minecraft:raw_copper":24,"minecraft:mossy_cobblestone":3,"minecraft:obsidian":2,"minecraft:cobblestone":6,"minecraft:rotten_flesh":1,"minecraft:granite":15,"dynamictrees:spruce_seed":3,"minecraft:tropical_fish":6,"minecraft:stick":10,"minecraft:dirt":2,"minecraft:diorite":5,"minecraft:azalea":2,"minecraft:wooden_pickaxe":2,"minecraft:white_wool":1},"minecraft:mined":{"minecraft:dark_oak_planks":2,"minecraft:podzol":2,"minecraft:tuff":1,"minecraft:mossy_cobblestone":3,"minecraft:deepslate_diamond_ore":4,"minecraft:clay":25,"minecraft:crafting_table":9,"minecraft:spruce_trapdoor":2,"minecraft:granite":30,"minecraft:grass_block":1,"minecraft:melon":12,"minecraft:jungle_planks":2,"minecraft:copper_ore":2,"minecraft:deepslate_coal_ore":22,"minecraft:spruce_leaves":11,"minecraft:moss_block":10,"minecraft:sugar_cane":15,"minecraft:diorite":22,"minecraft:large_fern":4,"minecraft:furnace":2,"minecraft:iron_ore":4,"minecraft:cobbled_deepslate":1,"minecraft:sweet_berry_bush":51,"minecraft:spruce_log":3,"minecraft:andesite":48,"dynamictrees:spruce_leaves":2,"minecraft:dark_oak_stairs":1,"minecraft:grass":13,"minecraft:deepslate_iron_ore":56,"minecraft:sand":2,"minecraft:gravel":8,"minecraft:dirt":5,"minecraft:packed_ice":9,"minecraft:stone":67,"minecraft:deepslate":140,"minecraft:orange_bed":3,"minecraft:fern":1}},"DataVersion":3465}