{"stats":{"minecraft:killed":{"minecraft:pig":4,"minecraft:spider":2,"alexsmobs:seagull":1,"minecraft:skeleton":1,"minecraft:sheep":8,"minecraft:zombie":11,"minecraft:tropical_fish":6},"minecraft:picked_up":{"minecraft:crafting_table":8,"minecraft:clay_ball":100,"minecraft:andesite":2,"dynamictrees:spruce_seed":2,"minecraft:wooden_pickaxe":1,"minecraft:tuff":20,"minecraft:lapis_lazuli":14,"minecraft:dirt":8,"minecraft:moss_carpet":48,"minecraft:raw_copper":24,"minecraft:wheat_seeds":3,"minecraft:cobbled_deepslate":529,"minecraft:iron_ingot":1,"minecraft:azalea":4,"minecraft:moss_block":10,"minecraft:sugar_cane":34,"minecraft:spruce_trapdoor":2,"minecraft:dark_oak_stairs":1,"minecraft:furnace":2,"minecraft:stick":6,"minecraft:raw_iron":110,"minecraft:sweet_berries":122,"minecraft:gravel":8,"justhammers:iron_hammer":1,"minecraft:porkchop":8,"justhammers:stone_hammer":1,"minecraft:spruce_sapling":1,"minecraft:diorite":22,"minecraft:spruce_log":22,"minecraft:mossy_cobblestone":3,"minecraft:dark_oak_planks":2,"minecraft:orange_bed":1,"minecraft:rotten_flesh":1,"minecraft:diamond":4,"minecraft:tropical_fish":10,"minecraft:spruce_boat":1,"minecraft:granite":28,"minecraft:glow_berries":1,"minecraft:mutton":10,"minecraft:coal":55,"minecraft:white_wool":9,"minecraft:cobblestone":64},"minecraft:broken":{"minecraft:stone_pickaxe":1,"minecraft:iron_pickaxe":1},"minecraft:crafted":{"minecraft:crafting_table":1,"minecraft:spruce_planks":88,"minecraft:wooden_pickaxe":1,"minecraft:iron_helmet":1,"minecraft:furnace":1,"minecraft:stone_axe":1,"minecraft:air":0,"minecraft:spruce_trapdoor":2,"minecraft:iron_boots":1,"minecraft:iron_chestplate":1,"minecraft:shield":1,"minecraft:iron_axe":1,"minecraft:stick":12,"minecraft:iron_ingot":35,"minecraft:stone_pickaxe":1,"minecraft:iron_pickaxe":2,"minecraft:iron_leggings":1,"minecraft:spruce_boat":1},"minecraft:used":{"minecraft:diorite":17,"minecraft:tropical_fish":4,"minecraft:stone_pickaxe":131,"minecraft:wooden_pickaxe":35,"minecraft:shield":23,"minecraft:glow_berries":1,"minecraft:dirt":6,"minecraft:crafting_table":9,"minecraft:granite":13,"minecraft:spruce_boat":1,"minecraft:iron_axe":37,"minecraft:iron_pickaxe":264,"minecraft:spruce_trapdoor":2,"minecraft:gravel":8,"justhammers:stone_hammer":70,"minecraft:stone_axe":79,"minecraft:fishing_rod":3,"minecraft:cobblestone":47,"minecraft:sweet_berries":93,"minecraft:furnace":3,"minecraft:andesite":2,"minecraft:cobbled_deepslate":1},"minecraft:custom":{"minecraft:interact_with_furnace":18,"minecraft:mob_kills":33,"minecraft:interact_with_crafting_table":21,"minecraft:time_since_death":12247,"minecraft:sleep_in_bed":1,"minecraft:time_since_rest":12270,"minecraft:sprint_one_cm":197565,"minecraft:damage_taken":1501,"minecraft:walk_one_cm":131085,"minecraft:damage_blocked_by_shield":900,"minecraft:drop":56,"minecraft:damage_dealt":3988,"minecraft:swim_one_cm":69741,"minecraft:fly_one_cm":237351,"minecraft:open_chest":10,"minecraft:crouch_one_cm":1564,"minecraft:play_time":106625,"minecraft:deaths":3,"minecraft:sneak_time":867,"minecraft:walk_under_water_one_cm":17377,"minecraft:boat_one_cm":415215,"minecraft:jump":1272,"minecraft:walk_on_water_one_cm":33284,"minecraft:total_world_time":106625,"minecraft:fall_one_cm":20597},"minecraft:dropped":{"minecraft:iron_ingot":2,"minecraft:moss_carpet":48,"minecraft:moss_block":10,"minecraft:sweet_berries":12,"minecraft:lapis_lazuli":14,"minecraft:cobbled_deepslate":128,"minecraft:raw_copper":24,"minecraft:mossy_cobblestone":3,"minecraft:cobblestone":6,"minecraft:rotten_flesh":1,"minecraft:granite":15,"dynamictrees:spruce_seed":2,"minecraft:tropical_fish":6,"minecraft:dirt":2,"minecraft:diorite":5,"minecraft:azalea":2,"minecraft:wooden_pickaxe":2,"minecraft:white_wool":1},"minecraft:mined":{"minecraft:dark_oak_planks":2,"minecraft:podzol":2,"minecraft:tuff":1,"minecraft:mossy_cobblestone":3,"minecraft:deepslate_diamond_ore":4,"minecraft:clay":25,"minecraft:crafting_table":9,"minecraft:spruce_trapdoor":2,"minecraft:granite":30,"minecraft:grass_block":1,"minecraft:jungle_planks":2,"minecraft:copper_ore":2,"minecraft:deepslate_coal_ore":22,"minecraft:spruce_leaves":11,"minecraft:moss_block":10,"minecraft:sugar_cane":15,"minecraft:diorite":22,"minecraft:large_fern":4,"minecraft:furnace":2,"minecraft:iron_ore":4,"minecraft:sweet_berry_bush":50,"minecraft:spruce_log":3,"minecraft:andesite":48,"minecraft:dark_oak_stairs":1,"minecraft:grass":9,"minecraft:deepslate_iron_ore":56,"minecraft:sand":2,"minecraft:gravel":8,"minecraft:dirt":5,"minecraft:stone":67,"minecraft:deepslate":140,"minecraft:orange_bed":1}},"DataVersion":3465}