{"stats":{"minecraft:custom":{"minecraft:mob_kills":112,"minecraft:interact_with_crafting_table":44,"minecraft:damage_dealt_resisted":337,"minecraft:leave_game":2,"minecraft:time_since_death":81756,"minecraft:sprint_one_cm":705255,"minecraft:walk_one_cm":426935,"minecraft:damage_blocked_by_shield":1335,"minecraft:drop":84,"minecraft:damage_dealt_absorbed":80,"minecraft:play_time":293081,"minecraft:deaths":6,"minecraft:sneak_time":2730,"minecraft:walk_under_water_one_cm":31454,"minecraft:boat_one_cm":1052190,"minecraft:jump":3881,"minecraft:walk_on_water_one_cm":50534,"minecraft:total_world_time":293081,"minecraft:interact_with_furnace":43,"minecraft:sleep_in_bed":5,"minecraft:time_since_rest":6462,"minecraft:damage_taken":3470,"minecraft:damage_dealt":12719,"minecraft:swim_one_cm":205385,"minecraft:fly_one_cm":755651,"minecraft:open_chest":21,"minecraft:crouch_one_cm":5043,"minecraft:fall_one_cm":60812},"minecraft:dropped":{"minecraft:iron_ingot":2,"minecraft:moss_block":10,"minecraft:wheat_seeds":3,"minecraft:lapis_lazuli":14,"minecraft:mossy_cobblestone":3,"minecraft:cobblestone":92,"minecraft:granite":20,"dynamictrees:spruce_seed":3,"minecraft:tropical_fish":6,"minecraft:stick":10,"minecraft:dirt":18,"minecraft:diorite":11,"minecraft:brown_wool":1,"minecraft:iron_pickaxe":1,"minecraft:white_wool":1,"minecraft:moss_carpet":48,"minecraft:sweet_berries":13,"minecraft:cobbled_deepslate":138,"minecraft:raw_copper":24,"minecraft:obsidian":2,"minecraft:rotten_flesh":6,"minecraft:light_gray_wool":1,"minecraft:golden_shovel":1,"minecraft:shield":1,"minecraft:spruce_planks":1,"minecraft:andesite":7,"minecraft:leather_boots":1,"minecraft:azalea":2,"minecraft:spider_eye":1,"minecraft:wooden_pickaxe":3},"minecraft:picked_up":{"minecraft:crafting_table":17,"minecraft:clay_ball":100,"minecraft:wooden_pickaxe":2,"dynamictrees:spruce_seed":10,"minecraft:moss_carpet":48,"minecraft:raw_copper":24,"minecraft:cobbled_deepslate":566,"minecraft:spruce_planks":56,"minecraft:beef":39,"minecraft:azalea":4,"minecraft:light_gray_wool":1,"minecraft:iron_pickaxe":1,"minecraft:melon_slice":59,"minecraft:sugar_cane":46,"minecraft:spruce_trapdoor":11,"minecraft:furnace":5,"minecraft:stick":37,"minecraft:raw_iron":315,"minecraft:porkchop":42,"minecraft:diorite":28,"minecraft:redstone":53,"minecraft:dark_oak_planks":2,"minecraft:orange_bed":3,"minecraft:rotten_flesh":6,"minecraft:tropical_fish":10,"minecraft:glow_berries":1,"minecraft:mutton":58,"minecraft:white_wool":39,"minecraft:cobblestone":288,"minecraft:andesite":16,"minecraft:brown_wool":1,"minecraft:leather":27,"minecraft:tuff":20,"minecraft:lapis_lazuli":14,"minecraft:dirt":24,"minecraft:wheat_seeds":6,"minecraft:iron_ingot":3,"minecraft:moss_block":10,"minecraft:dark_oak_stairs":1,"minecraft:sweet_berries":239,"justhammers:iron_hammer":1,"minecraft:gravel":8,"justhammers:stone_hammer":1,"minecraft:spruce_sapling":1,"minecraft:spruce_log":66,"minecraft:spider_eye":1,"minecraft:mossy_cobblestone":3,"minecraft:purple_bed":4,"minecraft:diamond":34,"minecraft:spruce_boat":11,"minecraft:granite":33,"minecraft:black_wool":1,"minecraft:coal":248},"minecraft:mined":{"minecraft:dark_oak_planks":2,"minecraft:tuff":1,"minecraft:mossy_cobblestone":3,"minecraft:deepslate_diamond_ore":34,"minecraft:spruce_trapdoor":11,"minecraft:granite":74,"minecraft:grass_block":2,"minecraft:jungle_planks":2,"minecraft:spruce_leaves":12,"minecraft:moss_block":10,"minecraft:large_fern":11,"minecraft:redstone_ore":5,"minecraft:furnace":5,"minecraft:iron_ore":164,"minecraft:cobbled_deepslate":1,"minecraft:andesite":56,"dynamictrees:spruce_leaves":4,"minecraft:dark_oak_stairs":1,"minecraft:deepslate_iron_ore":68,"minecraft:packed_ice":9,"minecraft:stone":377,"minecraft:orange_bed":3,"minecraft:podzol":2,"minecraft:deepslate_redstone_ore":13,"minecraft:clay":25,"minecraft:crafting_table":18,"minecraft:melon":12,"minecraft:tall_grass":10,"minecraft:copper_ore":2,"minecraft:cobblestone":5,"minecraft:deepslate_coal_ore":22,"minecraft:sugar_cane":21,"minecraft:diorite":26,"minecraft:purple_bed":4,"minecraft:sweet_berry_bush":103,"minecraft:spruce_log":13,"minecraft:grass":27,"minecraft:coal_ore":110,"minecraft:gravel":15,"minecraft:sand":2,"minecraft:dirt":6,"minecraft:deepslate":350,"minecraft:fern":6},"minecraft:broken":{"minecraft:stone_pickaxe":2,"minecraft:stone_axe":2,"minecraft:iron_pickaxe":4},"minecraft:used":{"minecraft:tropical_fish":4,"minecraft:shield":31,"minecraft:orange_bed":2,"minecraft:dirt":6,"minecraft:granite":13,"minecraft:spruce_boat":12,"minecraft:iron_axe":110,"minecraft:sweet_berries":272,"minecraft:furnace":6,"minecraft:cobbled_deepslate":30,"minecraft:water_bucket":20,"dynamictrees:spruce_seed":1,"minecraft:diorite":17,"minecraft:stone_pickaxe":262,"minecraft:wooden_pickaxe":74,"minecraft:glow_berries":1,"minecraft:crafting_table":18,"minecraft:melon_slice":14,"minecraft:iron_pickaxe":1022,"minecraft:spruce_trapdoor":11,"minecraft:gravel":8,"justhammers:stone_hammer":70,"minecraft:stone_axe":178,"minecraft:fishing_rod":3,"minecraft:cobblestone":157,"minecraft:purple_bed":3,"minecraft:andesite":2,"minecraft:bucket":23},"minecraft:killed":{"alexsmobs:raccoon":1,"minecraft:spider":4,"alexsmobs:seagull":1,"minecraft:skeleton":1,"minecraft:tropical_fish":6,"minecraft:pig":22,"minecraft:sheep":41,"minecraft:zombie":18,"minecraft:cow":18},"minecraft:crafted":{"minecraft:furnace":2,"minecraft:iron_boots":2,"minecraft:iron_axe":2,"minecraft:stone_pickaxe":2,"minecraft:spruce_boat":2,"minecraft:crafting_table":3,"minecraft:spruce_planks":180,"minecraft:wooden_pickaxe":2,"minecraft:iron_helmet":2,"minecraft:bucket":1,"minecraft:stone_axe":2,"minecraft:air":0,"minecraft:spruce_trapdoor":4,"minecraft:iron_chestplate":2,"minecraft:shield":3,"minecraft:stick":32,"minecraft:iron_pickaxe":6,"minecraft:iron_ingot":77,"minecraft:iron_leggings":2}},"DataVersion":3465}