{"stats":{"minecraft:picked_up":{"minecraft:glass":4,"minecraft:netherite_boots":7,"tacz:ammo":263,"minecraft:netherite_helmet":7,"tacz:modern_kinetic_gun":18,"tacz:attachment":12,"minecraft:golden_apple":430,"minecraft:netherite_chestplate":7,"minecraft:netherite_leggings":7,"minecraft:string":2},"minecraft:killed_by":{"minecraft:player":7},"minecraft:used":{"minecraft:golden_apple":6},"minecraft:killed":{"minecraft:spider":3,"minecraft:cat":2,"minecraft:zombie":2,"minecraft:villager":3,"minecraft:creeper":1,"minecraft:stray":1,"minecraft:enderman":2},"minecraft:custom":{"minecraft:time_since_rest":9478,"minecraft:damage_absorbed":81,"minecraft:crouch_one_cm":1216,"minecraft:sprint_one_cm":68400,"minecraft:play_time":32857,"minecraft:deaths":7,"minecraft:damage_taken":6025,"minecraft:walk_one_cm":98451,"minecraft:sneak_time":537,"minecraft:mob_kills":14,"minecraft:jump":344,"minecraft:leave_game":2,"minecraft:time_since_death":9422,"minecraft:total_world_time":32857,"minecraft:player_kills":3,"minecraft:fall_one_cm":3936,"minecraft:fly_one_cm":67389}},"DataVersion":3465}