{"stats":{"minecraft:custom":{"minecraft:interact_with_furnace":55,"minecraft:mob_kills":12,"minecraft:interact_with_crafting_table":24,"minecraft:leave_game":1,"minecraft:time_since_death":14710,"minecraft:climb_one_cm":290,"minecraft:time_since_rest":14745,"minecraft:sprint_one_cm":207188,"minecraft:damage_taken":2422,"minecraft:walk_one_cm":108719,"minecraft:drop":22,"minecraft:damage_dealt":1930,"minecraft:damage_dealt_absorbed":161,"minecraft:swim_one_cm":11711,"minecraft:fly_one_cm":214011,"minecraft:crouch_one_cm":14961,"minecraft:deaths":6,"minecraft:play_time":64821,"minecraft:sneak_time":5535,"minecraft:walk_under_water_one_cm":24734,"minecraft:jump":1316,"minecraft:walk_on_water_one_cm":22171,"minecraft:total_world_time":64821,"minecraft:fall_one_cm":44982},"minecraft:dropped":{"minecraft:gravel":1,"minecraft:moss_carpet":5,"minecraft:moss_block":14,"minecraft:wheat_seeds":1,"minecraft:coarse_dirt":1,"minecraft:crafting_table":1,"minecraft:tuff":3,"minecraft:rotten_flesh":3,"justhammers:iron_hammer":1,"minecraft:tropical_fish":3,"justhammers:stone_hammer":1,"minecraft:gunpowder":2,"minecraft:andesite":36,"minecraft:wooden_axe":1,"minecraft:azalea":2,"minecraft:bone_meal":1,"minecraft:sand":1,"minecraft:spider_eye":1,"minecraft:arrow":2,"minecraft:spruce_log":11,"minecraft:flowering_azalea":1},"minecraft:picked_up":{"minecraft:coarse_dirt":6,"minecraft:crafting_table":7,"minecraft:feather":2,"minecraft:chicken":2,"minecraft:clay_ball":28,"minecraft:andesite":36,"minecraft:leather":2,"dynamictrees:spruce_seed":5,"minecraft:tuff":3,"minecraft:gunpowder":2,"minecraft:dirt":11,"minecraft:lapis_lazuli":21,"minecraft:string":2,"minecraft:moss_carpet":19,"minecraft:raw_copper":8,"minecraft:bone":3,"minecraft:wheat_seeds":1,"minecraft:cobbled_deepslate":113,"minecraft:beef":3,"minecraft:iron_ingot":4,"minecraft:azalea":2,"minecraft:moss_block":16,"minecraft:flowering_azalea":1,"minecraft:egg":6,"minecraft:furnace":4,"minecraft:sandstone":2,"minecraft:stick":15,"minecraft:raw_iron":147,"minecraft:sweet_berries":12,"minecraft:torch":10,"minecraft:gravel":1,"minecraft:sand":2,"minecraft:spruce_log":57,"minecraft:spider_eye":1,"minecraft:arrow":2,"minecraft:rotten_flesh":4,"minecraft:diamond":1,"minecraft:tropical_fish":3,"minecraft:bone_meal":1,"alexsmobs:banana_slug_slime":2,"minecraft:glow_berries":36,"minecraft:coal":39,"minecraft:cobblestone":163},"minecraft:mined":{"minecraft:clay":3,"minecraft:crafting_table":7,"minecraft:torch":4,"minecraft:cave_vines_plant":3,"minecraft:grass_block":4,"minecraft:cobblestone":17,"minecraft:spruce_leaves":14,"minecraft:moss_block":11,"minecraft:sandstone":2,"minecraft:wall_torch":5,"minecraft:large_fern":1,"minecraft:coarse_dirt":7,"minecraft:furnace":4,"minecraft:iron_ore":6,"minecraft:sweet_berry_bush":1,"minecraft:spruce_log":40,"minecraft:andesite":2,"minecraft:moss_carpet":1,"minecraft:grass":6,"minecraft:coal_ore":37,"minecraft:cave_vines":3,"minecraft:sand":2,"minecraft:gravel":1,"minecraft:dirt":6,"minecraft:azalea":1,"minecraft:stone":101,"minecraft:deepslate":3,"minecraft:fern":2},"minecraft:broken":{"minecraft:wooden_axe":1},"minecraft:used":{"minecraft:water_bucket":1,"minecraft:stone_pickaxe":72,"minecraft:wooden_pickaxe":86,"minecraft:rotten_flesh":1,"minecraft:torch":12,"minecraft:glow_berries":56,"minecraft:sand":1,"minecraft:crafting_table":7,"justhammers:iron_hammer":12,"minecraft:wooden_axe":54,"justhammers:stone_hammer":63,"minecraft:stone_axe":20,"minecraft:cobblestone":59,"minecraft:sweet_berries":14,"minecraft:furnace":3,"minecraft:bucket":2,"minecraft:egg":5,"minecraft:cooked_beef":2,"minecraft:coarse_dirt":5,"minecraft:cobbled_deepslate":44},"minecraft:killed":{"minecraft:spider":2,"minecraft:creeper":1,"minecraft:skeleton":1,"minecraft:zombie":3,"alexsmobs:banana_slug":1,"minecraft:chicken":2,"minecraft:cow":1},"minecraft:crafted":{"minecraft:cooked_beef":2,"minecraft:crafting_table":3,"minecraft:spruce_planks":112,"minecraft:iron_helmet":1,"minecraft:cooked_chicken":2,"minecraft:wooden_pickaxe":3,"minecraft:furnace":2,"minecraft:stone":11,"minecraft:bucket":1,"minecraft:stone_axe":1,"minecraft:air":0,"justhammers:iron_hammer":2,"minecraft:iron_boots":1,"minecraft:iron_chestplate":1,"justhammers:stone_hammer":2,"minecraft:stick":40,"minecraft:iron_ingot":34,"minecraft:stone_pickaxe":2,"minecraft:wooden_axe":2,"minecraft:iron_leggings":1,"minecraft:torch":16}},"DataVersion":3465}