{"stats":{"minecraft:mined":{"minecraft:grass":4,"minecraft:grass_block":2},"minecraft:killed_by":{"minecraft:player":3},"minecraft:dropped":{"tacz:ammo_box":2,"spore:infected_crossbow":1,"minecraft:wheat_seeds":1,"spore:inf_up_chest":1,"minecraft:tuff":64,"minecraft:enchanted_golden_apple":64,"spore:inf_boots":1,"minecraft:netherite_chestplate":2,"minecraft:netherite_boots":2,"minecraft:netherite_helmet":2,"spore:inf_pants":1,"tacz:modern_kinetic_gun":19,"tacz:ammo":1049,"minecraft:glass":1,"spore:sickle":1,"spore:inf_helmet":2,"spore:inf_chest":1,"minecraft:golden_apple":107,"minecraft:netherite_leggings":3,"tacz:attachment":5},"minecraft:killed":{"spore:inf_pillager":3,"spore:inf_villager":2,"minecraft:cat":1,"minecraft:skeleton":2,"minecraft:zombie":9,"spore:inf_human":2,"minecraft:stray":10,"spore:inf_witch":1,"minecraft:spider":5,"minecraft:rabbit":1,"minecraft:iron_golem":15,"minecraft:creeper":5,"minecraft:enderman":1,"minecraft:phantom":1},"minecraft:used":{"minecraft:glass":5,"minecraft:grass_block":20,"minecraft:prismarine":54,"minecraft:iron_golem_spawn_egg":17,"tacz:gun_smith_table":1,"spore:infected_crossbow":1,"minecraft:golden_apple":21,"minecraft:dirt":2,"minecraft:enchanted_golden_apple":40,"tacz:target":4},"minecraft:custom":{"minecraft:time_since_rest":121671,"minecraft:damage_absorbed":783,"minecraft:sprint_one_cm":302869,"minecraft:damage_taken":6999,"minecraft:walk_one_cm":381050,"minecraft:mob_kills":58,"minecraft:drop":111,"minecraft:damage_dealt":58,"minecraft:swim_one_cm":1356,"minecraft:fly_one_cm":735318,"minecraft:player_kills":7,"minecraft:open_chest":1,"minecraft:play_time":155358,"minecraft:crouch_one_cm":32616,"minecraft:deaths":3,"minecraft:sneak_time":6890,"minecraft:walk_under_water_one_cm":971,"minecraft:aviate_one_cm":24775,"minecraft:jump":1739,"minecraft:leave_game":6,"minecraft:time_since_death":121620,"minecraft:walk_on_water_one_cm":274,"minecraft:damage_resisted":368,"minecraft:total_world_time":155358,"minecraft:fall_one_cm":29365},"minecraft:picked_up":{"minecraft:tipped_arrow":1,"minecraft:netherite_boots":3,"spore:infected_crossbow":1,"tacz:attachment":1,"minecraft:gunpowder":5,"minecraft:dirt":2,"minecraft:netherite_leggings":4,"minecraft:string":6,"minecraft:bone":8,"tacz:ammo":1100,"minecraft:arrow":3,"minecraft:rotten_flesh":4,"minecraft:wheat_seeds":2,"minecraft:netherite_helmet":3,"tacz:modern_kinetic_gun":15,"minecraft:iron_ingot":13,"minecraft:golden_apple":194,"spore:mutated_fiber":3,"minecraft:poppy":2,"minecraft:netherite_chestplate":4}},"DataVersion":3465}