{"stats":{"minecraft:custom":{"minecraft:interact_with_furnace":55,"minecraft:mob_kills":23,"minecraft:interact_with_crafting_table":26,"minecraft:leave_game":3,"minecraft:time_since_death":31961,"minecraft:climb_one_cm":436,"minecraft:time_since_rest":31996,"minecraft:sprint_one_cm":338311,"minecraft:damage_taken":2960,"minecraft:walk_one_cm":164211,"minecraft:drop":29,"minecraft:damage_dealt":2866,"minecraft:damage_dealt_absorbed":161,"minecraft:swim_one_cm":18963,"minecraft:fly_one_cm":396960,"minecraft:play_time":112386,"minecraft:crouch_one_cm":15370,"minecraft:sneak_time":5805,"minecraft:deaths":7,"minecraft:walk_under_water_one_cm":33548,"minecraft:boat_one_cm":716435,"minecraft:jump":2191,"minecraft:walk_on_water_one_cm":28755,"minecraft:total_world_time":112386,"minecraft:fall_one_cm":68056},"minecraft:dropped":{"minecraft:gravel":1,"minecraft:moss_carpet":5,"minecraft:moss_block":14,"minecraft:wheat_seeds":4,"minecraft:coarse_dirt":1,"minecraft:raw_copper":8,"minecraft:crafting_table":1,"minecraft:tuff":3,"minecraft:rotten_flesh":3,"justhammers:iron_hammer":1,"minecraft:tropical_fish":3,"justhammers:stone_hammer":1,"minecraft:gunpowder":2,"minecraft:spruce_planks":3,"minecraft:wooden_axe":1,"minecraft:andesite":36,"minecraft:azalea":2,"minecraft:spider_eye":1,"minecraft:bone_meal":1,"minecraft:arrow":2,"minecraft:spruce_log":11,"minecraft:flowering_azalea":1,"minecraft:sand":1},"minecraft:picked_up":{"minecraft:crafting_table":7,"minecraft:coarse_dirt":6,"minecraft:feather":5,"minecraft:chicken":5,"minecraft:clay_ball":28,"minecraft:andesite":36,"minecraft:leather":11,"dynamictrees:spruce_seed":7,"minecraft:tuff":3,"minecraft:gunpowder":2,"minecraft:lapis_lazuli":21,"minecraft:dirt":13,"minecraft:string":2,"minecraft:moss_carpet":19,"minecraft:raw_copper":8,"minecraft:bone":3,"minecraft:wheat_seeds":6,"minecraft:cobbled_deepslate":113,"minecraft:iron_ingot":4,"minecraft:beef":23,"minecraft:azalea":2,"minecraft:moss_block":16,"minecraft:flowering_azalea":1,"minecraft:furnace":4,"minecraft:egg":8,"minecraft:stick":24,"minecraft:raw_iron":147,"minecraft:sandstone":2,"minecraft:sweet_berries":41,"minecraft:torch":10,"minecraft:gravel":1,"minecraft:sand":2,"minecraft:spruce_log":75,"minecraft:spider_eye":1,"minecraft:arrow":2,"minecraft:rotten_flesh":4,"minecraft:diamond":1,"minecraft:tropical_fish":3,"minecraft:spruce_boat":8,"minecraft:bone_meal":1,"alexsmobs:banana_slug_slime":2,"minecraft:glow_berries":36,"minecraft:coal":39,"minecraft:cobblestone":163},"minecraft:mined":{"minecraft:cave_vines_plant":3,"minecraft:clay":3,"minecraft:crafting_table":7,"minecraft:torch":4,"minecraft:grass_block":5,"minecraft:cobblestone":17,"minecraft:spruce_leaves":14,"minecraft:moss_block":11,"minecraft:sandstone":2,"minecraft:wall_torch":5,"minecraft:large_fern":3,"minecraft:coarse_dirt":7,"minecraft:furnace":4,"minecraft:iron_ore":6,"minecraft:sweet_berry_bush":12,"minecraft:spruce_log":50,"minecraft:andesite":2,"minecraft:moss_carpet":1,"minecraft:grass":16,"minecraft:coal_ore":37,"minecraft:cave_vines":3,"minecraft:gravel":1,"minecraft:sand":2,"minecraft:dirt":7,"minecraft:azalea":1,"minecraft:stone":101,"minecraft:deepslate":3,"minecraft:fern":21},"minecraft:broken":{"minecraft:wooden_axe":1},"minecraft:used":{"minecraft:water_bucket":1,"minecraft:stone_pickaxe":72,"minecraft:wooden_pickaxe":86,"minecraft:cooked_chicken":2,"minecraft:rotten_flesh":1,"minecraft:torch":12,"minecraft:glow_berries":56,"minecraft:dirt":2,"minecraft:sand":1,"minecraft:crafting_table":9,"justhammers:iron_hammer":12,"minecraft:spruce_boat":9,"minecraft:wooden_axe":54,"justhammers:stone_hammer":63,"minecraft:cobblestone":59,"minecraft:sweet_berries":43,"minecraft:stone_axe":43,"minecraft:furnace":3,"minecraft:bucket":2,"minecraft:egg":6,"minecraft:cooked_beef":2,"minecraft:coarse_dirt":5,"minecraft:cobbled_deepslate":44},"minecraft:killed":{"minecraft:spider":2,"minecraft:creeper":1,"minecraft:skeleton":1,"minecraft:zombie":3,"alexsmobs:banana_slug":1,"minecraft:chicken":5,"minecraft:cow":9},"minecraft:crafted":{"minecraft:cooked_beef":2,"minecraft:crafting_table":4,"minecraft:spruce_planks":132,"minecraft:iron_helmet":1,"minecraft:cooked_chicken":2,"minecraft:wooden_pickaxe":3,"minecraft:furnace":2,"minecraft:stone":11,"minecraft:bucket":1,"minecraft:stone_axe":1,"minecraft:air":0,"justhammers:iron_hammer":2,"minecraft:iron_chestplate":1,"minecraft:iron_boots":1,"justhammers:stone_hammer":2,"minecraft:stick":40,"minecraft:iron_ingot":34,"minecraft:stone_pickaxe":2,"minecraft:wooden_axe":2,"minecraft:iron_leggings":1,"minecraft:spruce_boat":2,"minecraft:torch":16}},"DataVersion":3465}