{"stats":{"minecraft:picked_up":{"minecraft:netherite_boots":3,"tacz:attachment":1,"minecraft:netherite_leggings":3,"minecraft:dirt":2,"tacz:ammo":920,"minecraft:netherite_helmet":3,"tacz:modern_kinetic_gun":11,"minecraft:golden_apple":170,"minecraft:netherite_chestplate":3},"minecraft:killed_by":{"minecraft:player":3},"minecraft:used":{"minecraft:glass":5,"tacz:gun_smith_table":1,"minecraft:golden_apple":11,"minecraft:dirt":2,"tacz:target":4},"minecraft:killed":{"minecraft:iron_golem":1,"minecraft:rabbit":1},"minecraft:custom":{"minecraft:time_since_rest":13595,"minecraft:walk_one_cm":87909,"minecraft:sprint_one_cm":80394,"minecraft:damage_taken":4284,"minecraft:damage_absorbed":292,"minecraft:mob_kills":2,"minecraft:drop":35,"minecraft:player_kills":7,"minecraft:fly_one_cm":111847,"minecraft:open_chest":1,"minecraft:deaths":3,"minecraft:crouch_one_cm":1447,"minecraft:play_time":47282,"minecraft:sneak_time":569,"minecraft:walk_under_water_one_cm":175,"minecraft:jump":285,"minecraft:leave_game":3,"minecraft:time_since_death":13544,"minecraft:walk_on_water_one_cm":54,"minecraft:total_world_time":47282,"minecraft:fall_one_cm":4097},"minecraft:mined":{"minecraft:grass_block":2},"minecraft:dropped":{"tacz:ammo_box":2,"minecraft:netherite_helmet":1,"minecraft:netherite_chestplate":1,"minecraft:netherite_boots":1,"tacz:modern_kinetic_gun":9,"tacz:ammo":15,"minecraft:glass":1,"minecraft:golden_apple":64,"minecraft:netherite_leggings":1,"tacz:attachment":3}},"DataVersion":3465}