{"stats":{"minecraft:custom":{"minecraft:time_since_rest":32289,"minecraft:crouch_one_cm":225,"minecraft:sprint_one_cm":1036,"minecraft:play_time":37925,"minecraft:damage_taken":415,"minecraft:deaths":1,"minecraft:walk_one_cm":7723,"minecraft:sneak_time":113,"minecraft:walk_under_water_one_cm":11091,"minecraft:jump":93,"minecraft:leave_game":3,"minecraft:walk_on_water_one_cm":2015,"minecraft:time_since_death":32201,"minecraft:total_world_time":37925,"minecraft:interact_with_crafting_table":3,"minecraft:fall_one_cm":2005,"minecraft:fly_one_cm":1157},"minecraft:picked_up":{"minecraft:spruce_sapling":1,"minecraft:spruce_log":21,"minecraft:dirt":11},"minecraft:mined":{"minecraft:grass_block":3,"minecraft:dirt":9,"minecraft:spruce_log":22},"minecraft:used":{"minecraft:wooden_axe":18,"minecraft:dirt":4,"minecraft:crafting_table":1,"alexsmobs:animal_dictionary":1},"minecraft:crafted":{"minecraft:crafting_table":1,"minecraft:spruce_planks":12,"minecraft:stick":4,"minecraft:wooden_axe":1}},"DataVersion":3465}